title,subreddit,selftext,id,domain,url,is_self
Judge: Clinton's private emails are 'one of the gravest modern offenses to government transparency' @CNNPolitics,TheNewRight,,a4a4ch,cnn.it,,False
"We Should Support This Site That Is Completely Opposed to the Mainstream Gaming News Sites SJW Regressive Left Propaganda, a Site Funded By Gamers For Gamers",TheNewRight,[deleted],a4l0wh,igg.me,,False
A group of young British schoolgirls were gang-raped at gunpoint in their dormitories by a pack of Ghanaian men,TheNewRight,,a69d3i,bbc.com,,False
China Agrees to Reduce Tariffs on U.S. Autos,TheNewRight,,a5976u,wsj.com,,False
The Rebel is coming out with fantastic information on the French Riots! Real footage of rioters vs police and what it is like on the streets of Paris! VIVA LA FRANCE !!!!,TheNewRight,,a48k5b,youtu.be,,False
New Rules Not Asking For Permission To MAGA,TheNewRight,,a87hpl,youtu.be,,False
George H. Bush:Father of Modern Globalism passes at 94-Leaves a treasonous Legacy of New World Order,TheNewRight,,a3m5jc,youtu.be,,False
Why Do They Call EVERYONE 'Far Right??' Activists LIE,TheNewRight,[deleted],a84yhl,youtu.be,,False
Why the Left Never Learns (Part 2) - Mother Instinct GONE WRONG,TheNewRight,,a5y8y2,youtu.be,,False
"BOOOMM!! Tom Fitton Just #REVEALED The SHOCKING SECRET! Hillary, Bill SAT On FIRE AFTER SEEING THIS!",TheNewRight,,a6t0oy,youtu.be,,False
"Clinton Foundation Investigation Complete, Operators Are Active",TheNewRight,,a47jja,youtu.be,,False
Trumps Master Spooks the Destruction of the Enemies of the Republic,TheNewRight,,a7j21u,youtu.be,,False
France RIOTS!!! Yellow Vests Make DEMANDS! What It MEANS for Western Civilization,TheNewRight,,a4ldyr,youtu.be,,False
Shock Poll: Gay Marriage Overwhelmingly Rejected by Central and Eastern Europeans!,TheNewRight,,a7dlrx,youtu.be,,False
Emerging Middle Class: Nightmare of the Democratic Party,TheNewRight,,a7h4fy,youtu.be,,False
The Great Replacement,TheNewRight,,a4682b,youtu.be,,False
"Activists Are Targeting Tucker Carlson, Show Losing Sponsors",TheNewRight,,a7fhhx,youtu.be,,False
"The Hidden Agenda For World Government • Norman Dodd, Director Reese Congressional Committee. re: NON-PROFIT FOUNDATIONS",TheNewRight,[deleted],a66fa2,youtu.be,,False
How the Brits tried to overthrow President Trump [41:03],TheNewRight,[deleted],ab0okv,youtu.be,,False
Globalist Liberal Macron’s Lame Attempt to BUY OFF Yellow Vest Protesters!,TheNewRight,,a59gia,youtu.be,,False
"Turning Point USA Take 3– Donald Trump Jr., Kimberly Guilfoyle and Dr. Jordan Peterson",TheNewRight,,a87epy,youtu.be,,False
Michael Pento - Fed (Federal Reserve private bank) Will Pursue Radical Inflation,TheNewRight,,a6fh1s,youtu.be,,False
"Trump's bold geopolitical pivot, will the Deep State retaliate?",TheNewRight,,a8c6uh,youtu.be,,False
"SerialBrain2 - Trump, Q and the Beauty of D5",TheNewRight,,a48w4y,youtu.be,,False
LIVE: Senate URGENT vote on spending bill with $5 billion for border wall,TheNewRight,,a8cfiy,youtu.be,,False
FRENCH CHAOS!!! Now POLICE are Protesting MACRON!!!!,TheNewRight,,a81zu3,youtu.be,,False
Melania Trump gives tour of White House Christmas decor,TheNewRight,,a249gp,youtu.be,,False
The Unspoken Reason Behind The Yellow Vests Protest - Timothé Vorgenss,TheNewRight,,a2ma4x,youtu.be,,False
Les Gilets Jaunes - A Rural Revolt,TheNewRight,,a4rpov,youtu.be,,False
Qanon December 13 At What point do people wake up,TheNewRight,,a5z8a7,youtu.be,,False
America Intensifies! Victory Patriots!,TheNewRight,,a87ab1,youtu.be,,False
Interviewing Protesters at Bill de Blasio Town Hall: No to AmazonHQ2,TheNewRight,[deleted],aazc09,youtu.be,,False
Trump Just Pretty Much Defeated China on both Tariffs and Drugs,TheNewRight,,a2rjmb,youtu.be,,False
"The Hidden Agenda For World Government • Norman Dodd, Director Reese Congressional Committee [49:47]. re: Non-Profit Organizations, NGO's, etc.",TheNewRight,[deleted],a66g5b,youtu.be,,False
The Rise and Fall of Macron’s European Revolution!,TheNewRight,,a6ht2l,youtu.be,,False
New Year's Resolutions for Right-Wingers,TheNewRight,[deleted],aau0bl,youtu.be,,False
The Socialization of Western Political Genocide,TheNewRight,,a7dthv,youtu.be,,False
Tom Fitton Delivers Opening Remarks on the Clinton Foundation Uranium One Scandals,TheNewRight,[deleted],a68csh,youtu.be,,False
NWO Lockdown; Warning to Americans Abroad; Parliament Rushed,TheNewRight,,a4imjb,youtu.be,,False
"Repdilled News Night Burn Pedowood, Burn",TheNewRight,,a6msut,youtu.be,,False
Invisible Empire A New World Order Defined Full,TheNewRight,,a7vj2z,youtu.be,,False
Sparta's Unknown War - by VertigoPolitix,TheNewRight,,a7v2k9,youtu.be,,False
Gutfeld on 'the Trump 360',TheNewRight,,a2mirb,youtu.be,,False
"Macron Has Failed, French Protesters Call For Act 4 Saturday",TheNewRight,,a3ko8w,youtu.be,,False
Berkeley Votes to Fund Migrant Caravan,TheNewRight,,a2noqt,youtu.be,,False
Perez Hilton Shouts Out The Dancing Israelis Lucky Larry,TheNewRight,,a40ytm,youtu.be,,False
Berkeley is About to Take Control of All Social Media Platforms,TheNewRight,,a7dv1l,youtu.be,,False
"Comey Reaches Deal With Republicans, Will Testify on Hillary Clinton Email Server",TheNewRight,,a2fny5,youtu.be,,False
President Trump Praises Populist Movement - Is It Time For Yellow Vests In America?,TheNewRight,,a4ls2c,youtu.be,,False
#OrcPosting: Flabbergasted Meme CONFOUNDING the MSM,TheNewRight,,a2308w,youtu.be,,False
"The Next Revolution with Steve Hilton 12/2/18 | Breaking Fox News | December 2, 2018",TheNewRight,,a2lt8c,youtu.be,,False
WAPO Goes After Tucker Carlson,TheNewRight,,a2ppyx,youtu.be,,False
Leaked Google Documents Show Plan to Suppress Conservative News,TheNewRight,,a24j9z,youtu.be,,False
"Patreon Bans Sargon of Akkad, Milo, James Allsup (More Outrage Mobbing)",TheNewRight,,a421jh,youtu.be,,False
Macron's Approval Rating CRATERS As France Braces for Another Round of Protests!,TheNewRight,,a453f2,youtu.be,,False
Belgium Netherlands Join Yellow Vest Protests: Macron To Address France Riots!,TheNewRight,,a509bp,youtu.be,,False
On the Alt-Right Reformation Against Liberal Theocracy,TheNewRight,,a4i00u,youtu.be,,False
Clinton Foundation Whistleblowers Deliver Hundreds of Pages of Evidence!,TheNewRight,,a3yban,youtu.be,,False
Chris Cuomo Backhands Don Lemon With Mouth Noises,TheNewRight,,a47v9l,youtu.be,,False
'Why Would She Do THIS To Her Country??' - Tucker Carlson Calls Out German Chancellor Angela Merkel,TheNewRight,,a2mwa7,youtu.be,,False
POSSIBLE ARREST ON THE WAY!,TheNewRight,,a8tiaw,youtu.be,,False
James Mattis Resigns Amid Tension with Trump. Here's Why,TheNewRight,,a84wrg,youtu.be,,False
"Hungarian Foreign Minister: We Are Fed Up With 'Politically Correct, Hypocritical' European Union",TheNewRight,[deleted],a4dimw,youtu.be,,False
TRUMP VS THE GLOBALIST'S TERRORIST FEDERAL RESERVE,TheNewRight,,a9s9we,youtu.be,,False
Macron’s Paris Riots while Salvini’s Rome Celebrates!,TheNewRight,,a4v5wo,youtu.be,,False
E.U. 2019 - The European Spring BEGINS - Black Pigeon Speaks,TheNewRight,,a8bxnx,youtu.be,,False
Interviewing Protesters at Bill de Blasio Town Hall: No to AmazonHQ2,TheNewRight,[deleted],a8ahos,youtu.be,,False
Anti-Gun Doctors BTFO’d By Their Own Hypocrisy,TheNewRight,,a45gy7,youtu.be,,False
"Machinery of Silence [speech to Erkenbrand, Utrecht]",TheNewRight,,a28kge,youtu.be,,False
France 'Yellow Vest' Revolt- The Beginning of the End of Globalization is Here!,TheNewRight,,a4v194,youtu.be,,False
Is Donald Trump Preparing For The Trial Of The Century?,TheNewRight,,a50s9v,youtu.be,,False
"Lou Dobbs 12/3/18 | Breaking Fox News | December 3, 2018",TheNewRight,,a2vmrs,youtu.be,,False
Black pilled : Confessions of a KGB agent,TheNewRight,,a58nhy,youtu.be,,False
Scared MACRON Trying to Stop Protests / New Swedish Globalist Gov announced today?,TheNewRight,,a4xk8j,youtu.be,,False
Bill Barr Warns Mueller's Probe is Fatally Misconceived,TheNewRight,,a84ho4,youtu.be,,False
Soros-Funded University Kicked Out of Hungary!,TheNewRight,,a5wt3i,youtu.be,,False
South Africa 2019: Beginning of the END,TheNewRight,,a4prpn,youtu.be,,False
Ep. 872 What’s Being Hidden in This Secret Document? The Dan Bongino Show 12/14/2018.,TheNewRight,,a6nil2,youtu.be,,False
,TheNewRight,,a49cse,youtu.be,,False
Paris on Lockdown and Macron in Hiding for Saturday’s ‘Yellow Vest’ Protests!,TheNewRight,,a4d6f8,youtu.be,,False
The Nature of Power,TheNewRight,,a234dd,youtu.be,,False
"Trump clashes with Pelosi, Schumer on border security in explosive Oval Office meeting",TheNewRight,,a5b13n,youtu.be,,False
LMAO,TheNewRight,,a71xyy,i.redd.it,,False
Poor caffe,TheNewRight,,a89ijp,i.redd.it,,False
Winning!,TheNewRight,,a5oezx,i.redd.it,,False
Notch Knows What's Going Down,TheNewRight,[deleted],a4kxqy,i.redd.it,,False
Imagine.....,TheNewRight,,a8cixu,i.redd.it,,False
"Meanwhile, in the swamp. #wwg1wga #maga #alightintheddarkness",TheNewRight,,a40d12,i.redd.it,,False
The Democrat Party the party of the dumber political people.,TheNewRight,,a9so3z,i.redd.it,,False
The 23% being the Muslim population.,TheNewRight,[deleted],a49gzg,i.redd.it,,False
“We want the French Trump!”,TheNewRight,,a4lr1i,i.redd.it,,False
"Fake News, The Walls Are Closing In",TheNewRight,,a6hawa,i.redd.it,,False
This:,TheNewRight,[deleted],a7owqk,i.redd.it,,False
Somebody spread posters about Friberg's pro-NewRight book in front of offficies of local politicians in Poland [x-post from /r/EduAction],TheNewRight,,a5emvk,imgur.com,,False
Maga Pullow,TheNewRight,[deleted],a29etf,imgur.com,,False
Mark Zuckerberg: ‘That May Be Good for the World But It’s Not Good For Us’,TheNewRight,,a5jalg,nymag.com,,False
US arrests Jewish sect members for kidnapping children,TheNewRight,[deleted],aazgqp,yahoo.com,,False
US report finds no direct foreign interference in 2018 vote,TheNewRight,,a8ms0v,yahoo.com,,False
EXPOSED: Israel's IDF Used Passenger Airliners as Cover During Unprovoked Christmas Day Attack,TheNewRight,,a9rhuh,archive.is,,False
"CBS, who demonized Trump for paying $130K to Stormy Daniels, paid a former employee $5 million to keep quiet after she was sexually assaulted by the executive producer of their 60 Minutes program.",TheNewRight,,a4279w,archive.is,,False
"The Mueller method: Mueller, when in Rosenstein's role, covered up BCCI scandal ($ laundering, arms-running, political-buy-offs), to extent of interfering with grand jury and foreign intelligence agencies to keep scandal from implicating Deep State allies.",TheNewRight,,a2wui0,archive.is,,False
A few things the 'news' isn't telling us about France.,TheNewRight,,aaw0jw,imgoat.com,,False
Trump: Military will build border wall if Democrats don’t vote for it,TheNewRight,,a5876z,nypost.com,,False
A Sub for Hoppeans,TheNewRight,,a5cap9,reddit.com,,False
Muslim man marry daughter's 11yo girlfriend,TheNewRight,,a57u4u,speisa.com,,False
Strasbourg shooting witnesses say Christmas market killer shouted 'Allahu Akbar' but authorities have not yet confirmed a motive,TheNewRight,,a5kzme,cbsnews.com,,False
"USC Students Demand Prof's Firing After He Defends Due Process |“If the day comes you are accused of some crime or tort of which you are not guilty, and you find your peers automatically believing your accuser, I expect you find yourself a stronger proponent of due process than you are now,”",TheNewRight,,a77hzv,cnsnews.com,,False
"In response to order from a federal judge, Mueller is forced to release key documents on FBI interview with Michael Flynn, saying FBI agents “did not think Flynn was lying”, despite being unjustly charged",TheNewRight,,a6901k,foxnews.com,,False
New ag William Barr: vaguely criticized mueller one time. Worked for bush and the cia. Is in the pockets of Corporations,TheNewRight,,a420s9,foxnews.com,,False
Migrant group demands Trump either let them in or pay them each $50G to turn around: report,TheNewRight,,a5lsoe,foxnews.com,,False
Wikileaks Responds,TheNewRight,,a8mf8h,i.imgur.com,,False
French Generals Label Macron 'Traitor',TheNewRight,,a7xwlr,lopinion.fr,,False
Federal judge in Texas strikes down Affordable Care Act,TheNewRight,,a6g883,nbcnews.com,,False
Trump on track to making major changes | “Senate Passes Bipartisan Criminal Justice Bill” - New York Times,TheNewRight,,a7irkd,nytimes.com,,False
The Unintentional Irony Of The Lying Legacy Press,TheNewRight,,a21v0q,steemit.com,,False
Women can't handle the alt-right's winning ways.,TheNewRight,,a9gadw,theroot.com,,False
German 'fake news' reporter found to have embezzled donations intended for Syrian orphans,TheNewRight,[deleted],a9tup4,trapmag.com,,False
German 'fake news' reporter found to have embezzled donations intended for Syrian orphans,TheNewRight,[deleted],a9wrxq,trapmag.com,,False
"Rand Paul: Now they are mad because he is STOPPING two wars. How about you just admit you hate the President, love war and have been wrong for the last 20 years on every part of foreign policy?",TheNewRight,,a99600,twitter.com,,False
Democrat State Senator Kevin Parker's Suggestion to Woman: 'Kill Yourself' : He apparently became enraged when she pointed out he parked his car in a bike lane.,TheNewRight,,a7xvc4,twitter.com,,False
"Obama infamously launched the mission in Syria pledging there would be no 'boots on the ground.' This proved to be a deception. US troops, wearing boots, were killed. But somehow *that* was never a scandal -- *removing* the troops is the scandal. Pathological.",TheNewRight,,a8l1u5,twitter.com,,False
do u see me now?,TheNewRight,,a97mqf,twitter.com,,False
build the wall,TheNewRight,,a5kja8,twitter.com,,False
Perez Hilton has a message for Annaberg Frankwitz,TheNewRight,,a9k9n4,twitter.com,,False
"Justin Trudeau has a lower approval rating than Donald Trump. Has a higher disapproval rating than Donald Trump. If you exclude people working in media, Justin Trudeau may be the most disliked popular politician on the planet.",TheNewRight,,a89wq6,twitter.com,,False
Happy Day of the Vow South Africa | 1838 Blood River,TheNewRight,,a710xh,youtube.com,,False
"Thanks To Trump, Human Trafficking Arrests Hit ALL-TIME HIGH!",TheNewRight,,a9jnz7,youtube.com,,False
Long Live France!,TheNewRight,,a35ap6,youtube.com,,False
"Take Me Home, Country Roads (Cover By Donald Trump)",TheNewRight,,a48iby,youtube.com,,False
#Yellowjackets everywhere | Western Workers Woke,TheNewRight,,a74oeg,youtube.com,,False
Judicial Watch sues for documents on Obama DOJ effort to shut down Clinton Foundation investigation,TheNewRight,,a2gx9v,youtube.com,,False
The Potential Advantages of Newer Nuclear Concepts,TheNewRight,,a54um0,youtube.com,,False
"Pakistani woman claims to be Donald Trump's daughter, says she misses her father.",TheNewRight,,a48a99,youtube.com,,False
Orthopedic Surgeon describes how the Government and Over regulation is Destroying the American Healthcare Industry,TheNewRight,,a5337l,youtube.com,,False
Yellow Vest To Anna Soubry - You Are On The Side Of Adolf Hitler,TheNewRight,,a7yuko,youtube.com,,False
France Epicenter of a Free Europe |#FREXIT,TheNewRight,,a8qs2v,youtube.com,,False
'Why Would She Do THIS To Her Country??' - Tucker Carlson Calls Out German Chancellor Angela Merkel,TheNewRight,,a2w3l7,youtube.com,,False
Kenny Rogers - The Gambler ( Donald Trump Cover ),TheNewRight,,a73j1l,youtube.com,,False
Trump Reveals 'Totally Effective' Wall Design,TheNewRight,,a8i161,youtube.com,,False
Troll Review: The Xhale City Screecher,TheNewRight,,aaps8l,youtube.com,,False
How Liberalism Destroys Culture,TheNewRight,,a473uy,youtube.com,,False
John Denver - Take me home ( Donald Trump cover ),TheNewRight,,a4q6n5,youtube.com,,False
#AltRight Thoughts -- France: Up in Arms,TheNewRight,,a4f4gh,youtube.com,,False
Tyson Fury DESTROYS Gay Rights Campaigners In A Debate,TheNewRight,,a71ugh,youtube.com,,False
Yellow Vest Protests In London SHUT DOWN The Westminster Bridge,TheNewRight,,a6qcn6,youtube.com,,False
"The Alt-Right and the Classics, Marcus Aurelius, and Steve Bannon",TheNewRight,[deleted],a6aujw,youtube.com,,False
#YellowVests example of courage | #Frexit | #Kalergi EU DONE,TheNewRight,,a8y0ew,youtube.com,,False
'The Dissident Right',TheNewRight,,a6u1sd,youtube.com,,False
Stop Hating Trump Supporters!!!,TheNewRight,,a6ayij,youtube.com,,False
(NEW) 'Mexico Is MUCH MORE RACIST!' Tucker Carlson ROASTS Mexican Journalist,TheNewRight,,a8r7x9,youtube.com,,False
Trump Sings Hello Darling By Conway Twitty,TheNewRight,,a6rk7l,youtube.com,,False
"Justice with Judge Jeanine on Fox News 12/29/18[FULL] - Jeanine Pirro on Youtube December 29, 2018",TheNewRight,,aaxx1d,youtube.com,,False
Parents Speak Out After MSM Attacks Trump Asking 7-Year-Old If She Believed In Santa,TheNewRight,,aa63uf,youtube.com,,False
Trump Sings Let It Snow,TheNewRight,,a4q73w,youtube.com,,False
How the Globalists Stole Our Home. Brilliant video!,TheNewRight,[deleted],a2cksn,youtube.com,,False
Political Meme Compilation. Merry Christmas!!!! ,TheNewRight,[deleted],a9kio4,bitchute.com,,False
"France to introduce tax on large internet, tech firms",TheNewRight,,a73yjv,france24.com,,False
We the People's BUILD THE WALL GoFundMe campaign!,TheNewRight,,a8d8zz,gofundme.com,,False
French Generals Accuse Macron of “Treason” Over UN Migration Pact,TheNewRight,[deleted],a68x5b,infowars.com,,False
Rand Paul Torches the ‘Deep State’ Over His Exclusion from CIA Saudi Briefing: The Intel Community is an ‘Oligarchy’,TheNewRight,,a34ha3,mediaite.com,,False
The Mainstream Media Is Losing the Trust of America's Youth by Astounding Numbers,TheNewRight,,a83bpx,redstate.com,,False
Virginia high school teacher fired for refusing to use transgender student's new pronouns,TheNewRight,,a42aag,richmond.com,,False
City Council Meeting Speech,TheNewRight,,a36b2i,spreaker.com,,False
Trump calls out Dems for 'obstruction' on border-wall funding,TheNewRight,,aaagwh,spreaker.com,,False
"Adam Schiff’s collusion with oligarch, Ukrainian arms dealer, exposed",TheNewRight,,a58739,theduran.com,,False
Globalist Icon Macron predicts ‘major violence’ this weekend as approval rating crashes to 18%,TheNewRight,,a42bw2,thesun.co.uk,,False
Washington Post Reporter Fails to End Vet’s Wall Funding Campaign,TheNewRight,,a8jghr,breitbart.com,,False
President Trump: Get the United States Out of 'NEVER ENDING WARS',TheNewRight,,abb4ur,breitbart.com,,False
TV Guide Warns Readers About Chris Pratt's 'Problematic' Offscreen Life,TheNewRight,,a99l6u,dailywire.com,,False
Vanity Fair Summarizes All The Problems With The Mueller Investigation Trump Critics Don't Want To Admit,TheNewRight,,a3rbro,dailywire.com,,False
Belgian Prime Minister Charles Michel resigns after UN Migrant pact fury | World | News,TheNewRight,,a7eysr,express.co.uk,,False
Marines Testify About the “Antifa Mob” They Say Attacked Them in Philly,TheNewRight,,a66ct9,phillymag.com,,False
Getting the band back together: Italy's Salvini Suggests New Berlin-Rome Axis,TheNewRight,[deleted],a53wvr,urdupoint.com,,False
The British Empire Still Exists,TheNewRight,,a2ek62,urdupoint.com,,False
Is Britain Involved With Europe's 'Yellow Vest' Protests?,TheNewRight,,a2sjnm,zerohedge.com,,False
Forensicator: Guccifer 2.0 Returns To The East Coast,TheNewRight,,a7ivz5,zerohedge.com,,False
62% Of Americans Say Trump Needs To Eliminate Welfare For Illegals – Do You Agree ?,TheNewRight,,a3snz6,daily-ohio.com,,False
Mueller's long list of abuses became significantly longer today as new info reveals he willfully destroyed evidence that implicated infamous anti-Trump Deep State operatives Peter Strzok Lisa Page.,TheNewRight,,a77e3e,dcwhispers.com,,False
Jerry Brown Blasts ‘Rural Areas’ for Not Liking Gas Tax That Disproportionately Harms Them,TheNewRight,,abao6y,freebeacon.com,,False
Robert De Niro - The Political Dotard. He even admits he doesn't know much about politics!,TheNewRight,[deleted],a7m5mp,leftyliars.com,,False
Europe is Taking Over the United States News,TheNewRight,[deleted],a27ocz,leftyliars.com,,False
So much for “USA” Today,TheNewRight,[deleted],a2c7t9,leftyliars.com,,False
No Toilet Walls for Nancy and Chuck,TheNewRight,[deleted],a5t8an,leftyliars.com,,False
Fake News is Killing the Rule of Law - How The Mainstream Media Use Logical Fallacies To Lie and Get Away With It.,TheNewRight,[deleted],a64n1c,leftyliars.com,,False
"CNN’s Cizzilla, Dementia and Rex Tillerson",TheNewRight,[deleted],a4af4a,leftyliars.com,,False
Bruce Springsteen - The political genius. Burnt out old rockstars are now political experts.,TheNewRight,[deleted],a3lrgn,leftyliars.com,,False
This is the kind of stupidity we’re dealing with folks. Children in adult bodies.,TheNewRight,[deleted],a3tbg0,leftyliars.com,,False
CNBC Producer’s Goofy Video on Walls - this is on the level of an 8th grader.,TheNewRight,[deleted],a3n4pa,leftyliars.com,,False
Germany Legalizes Child Marriages Performed Under Sharia Law.,TheNewRight,,ab85mj,neonnettle.com,,False
Michelle Obama: ‘We Can’t Get Indicted’,TheNewRight,,a6pr8x,ntknetwork.com,,False
Trump To Reed Cooper: 'Thank You For Your Support',TheNewRight,,a4hzaj,reedcooper.net,,False
The Hamilton Hustle Why liberals have embraced our most dangerously reactionary founder,TheNewRight,,a9v0jr,thebaffler.com,,False
U.S. Ends Reliance On Foreign Oil For First Time In 75 Years,TheNewRight,,a5buk2,truepundit.com,,False
IDT Corporation CIO Golan Ben-Oni Met With Huawei Before Meng Wanzhou Detention,TheNewRight,[deleted],a5t6bp,animeright.news,,False
Google isn’t the company that we should have handed the Web over to,TheNewRight,,a7f13v,arstechnica.com,,False
"Snopes, Fact-Checker For Facebook And Google, Botches Fact Check",TheNewRight,,a40ggx,dailycaller.com,,False
Trump Reveals Jeff Sessions Replacement,TheNewRight,,a4124o,dailycaller.com,,False
Republicans Take Bold Tack Against Democratic Gerrymander In The Supreme Court,TheNewRight,,a5xsah,dailycaller.com,,False
Baltimore Woman Says She Will Use Gun Buyback Cash To Purchase Bigger Gun,TheNewRight,[deleted],a7uk6j,dailycaller.com,,False
Trump/Russia collusion hoax finally imploding. The guy who investigated and first broke the Steel Dossier story now says it's probably a hoax.,TheNewRight,,a7by6p,dailycaller.com,,False
"Obama Admin spent $700,000 on a climate change musical",TheNewRight,,a9p5tp,dailycaller.com,,False
18 Deaths Of ICE Detainees Acknowledged Under Obama — But Not Investigated,TheNewRight,,a7g9ms,dailycaller.com,,False
"Chaos in France as Yellow Vests demonstrations continue, and 10th person is killed",TheNewRight,,a8nrqw,dailymail.co.uk,,False
‘South Africa facing CATASTROPHE’ Warning of economic collapse after white farm land grabs,TheNewRight,,a77coc,dailystar.co.uk,,False
Trump To End Unconstitutional Syria War - Washington Heads Are Exploding -,TheNewRight,,a82fas,lewrockwell.com,,False
Immigrant children being organ harvested in massive global organ trade racket that’s beginning to be exposed,TheNewRight,,a43ro8,naturalnews.com,,False
Martina Navratilova: 'Having a Penis' and Calling Yourself a Woman Doesn't Mean You Can Compete Against Women,TheNewRight,,a8ml0q,telegraph.co.uk,,False
US arrests Jewish sect members for kidnapping children,TheNewRight,[deleted],aazivm,web.archive.org,,False
School board votes unanimously to sack teacher for misgendering trans student: ‘They felt disrespected’,TheNewRight,,a419gi,bizpacreview.com,,False
"Advertiser yanks ads from Tucker’s show after honesty about migrants spurs fake outrage. ‘Butt boy’ okay, but this is not?",TheNewRight,,a6fafx,bizpacreview.com,,False
"DNC chair Perez warns too many people getting info from the pulpit, complains Dem message can’t ‘penetrate’ . Now Democrats step up religious attacks with their generations long racist attacks. If you're losing hit the gas right?",TheNewRight,,a4057d,bizpacreview.com,,False
‘We’re going to go after you’: Top Senate Intel Dem says they’ve sent ‘a number of referrals’ to Mueller,TheNewRight,,a2pedx,bizpacreview.com,,False
"Migrant leading ultimatum U.S. pay 50,000 or allow entry is suspected of terror attack that injured 6 U.S. soldiers",TheNewRight,,a5trp8,bizpacreview.com,,False
"Bring on the biscuits chocolate milk: Trump makes school meals great again, relaxes Michelle Obamas Cruel Communist restrictions",TheNewRight,,a4mhzd,bizpacreview.com,,False
Degenerate Liberal Bette Midler’s Twitter poem celebrates Mueller ‘hanging’ the whole Trump family ‘good and high’,TheNewRight,,a23vsj,bizpacreview.com,,False
"Tucker rips California’s decline: If only it cared for its own as it does illegal immigrants, it’d still be Golden",TheNewRight,,a3obal,bizpacreview.com,,False
"Issa: If Steele Dossier people are agents of Russia, Hillary is the one guilty of the so-called ‘collusion’",TheNewRight,,a4qg9o,bizpacreview.com,,False
20 Years of Muslim Christmas Terror in the Capital of Christmas,TheNewRight,,a6elq0,frontpagemag.com,,False
Collusion: Obama’s FBI Paid More on Russian Dirt and Fake News in 2016 Election Than Russia Did,TheNewRight,,a6puys,gellerreport.com,,False
Globalism is an alliance of the political class with super wealth; it seeks to deny us a voice,TheNewRight,,a7ewir,politicalite.com,,False
Users in /r/publicfreakout strip a man of his humanity for abusing his badge during a family dispute,TheNewRight,[deleted],a90kim,self.TheNewRight,,True
How fake news works,TheNewRight,"ISIS: rape and kill tens of thousands of kids CNN: ISIS: rape and kill thousands in europe CNN: Trump: \*kills shit loads of ISIS\* CNN: RACIST!! Trump: 'we're gonna bomb the shit out of them!' CNN: FucKinG ImPerIalIst PiG LeaVe SyriA Alo- Trump: OK We're leaving Syria now CNN: ISIS KILL 9000 PRISONERS. ISIS ARE BACK BABY. ISIS ARE WINNING. ORANG MAN BAD ISIS. ISIS. ISIS. **ISIS** I think it's the first time in two years that CNN used ISIS in a headline, and they used it 20 times in one day. #LET'S ENJOY A SUPERCUT OF OF JIM ACOSTA SUDDENLY GIVING A SHIT ABOUT ISIS THIS CHRISTMAS. HALLMARK SHOULD MAKE A MOVIE: LITTLE JIM AND THE TERROR ELVES.",a7vdj9,self.TheNewRight,,True
6 Key Takeaways From The Comey Deposition Transcript,TheNewRight,"## 1. We didn’t learn much — but that was significant. Comey repeatedly responded to questions about the Trump campaign investigation by pleading ignorance, establishing he did not know of many of the facts underlying both the launch of Crossfire Hurricane and the continuing investigation. That’s concerning. For instance, in response to Republican Rep. Trey Gowdy’s characterization of Crossfire Hurricane as a counterintelligence investigation into the Trump campaign, Comey claimed that the FBI was not investigating Trump or the Trump campaign, but had instead “opened investigations on four Americans to see if there was any connection between those four Americans and the Russian interference effort. And those four Americans did not include the candidate.” Yet Comey had never seen the “FBI’s initiation document,” which Gowdy indicated referenced the “Trump campaign.” Further questioning revealed that Comey had no knowledge concerning the agent responsible for drafting the FBI’s late-July 2016 initiation document for Crossfire Hurricane, did not know who approved the draft of the “initial plan for the Russian investigation,” and never read or saw the initiation document. In fact, Comey said he didn’t even know how the FBI launches counterintelligence investigations, who has the authority to launch a counterintelligence investigation into a major political campaign, or whether such an investigation would need to be approved by the FBI Director. Comey did note that “there’s documentation in criminal investigations and in counterintelligence investigations to explain the predication for the opening of a file, that is, the basis for the opening of a file.” These exchanges raise three concerning points: First, that FBI agents — including the biased, “We’ll stop Trump from becoming president” duo of Peter Strzok and Lisa Page — had the ability, without Comey’s involvement, to launch an investigation into the Trump campaign. Second, Comey’s testimony shows that he may not have known the official basis for, and scope of, the probe because he never saw the “initiation document.” And third, the same agents who launched the investigation craft the documentation to explain “the basis for the opening of a file.” So, if the agents wanted to pin the launch of Crossfire Hurricane on George Papadopoulos’ supposed foreknowledge of the WikiLeak hack into DNC emails, they would merely need to list that as the predicate for opening the investigation. ## 2. Comey buys the George Papadopoulos pretext, But that’s because he doesn’t know the facts. Although Comey testified that he never saw the “initiation document” and had no idea who drafted or approved the initiation of the probe, he unequivocally stated that the Steele dossier did not prompt the Russia probe. When asked how he knew that, Comey said: >Because I know what the basis was for starting the investigation. It was the information we’d received about a conversation that a Trump foreign — campaign foreign policy adviser had with an individual in London about stolen emails that the Russians had that would be harmful to Hillary Clinton. It was weeks or months later that the so-called Steele dossier came to our attention. There are several problems with Comey’s explanation. First, the evidence released to date ",a50b3m,self.TheNewRight,,True
,TheNewRight,,a298dy,self.TheNewRight,,True
Ben Shapiro's Hypocrisy,TheNewRight,[removed],a9mmn3,self.TheNewRight,,True
On the James Field news today.,TheNewRight,[deleted],a47rei,self.TheNewRight,,True
Why the French People Feel Screwed,TheNewRight," the French were unrivaled practitioners in the 'art of insurrection', and characterised the French mob as the 'liveliest phenomena of our world'. **Mobs in other countries, by comparison, he argued were 'dull masses' lacking audacity and inventiveness. The blazing yellow vests of the French protest movement , however, have made Macron appear increasingly dull and weak too.**",a5lzos,self.TheNewRight,,True
So how you retards holding up now?,TheNewRight,[removed],a55471,self.TheNewRight,,True
"Trump: 'ISIS rekt, let's bring our troops home!'. 0bama: 'ISIS? That was me, people!'",TheNewRight,"well, you don't say? fuck you barry you evil piece of shit",a7vebr,self.TheNewRight,,True
I what in Trumps mouth,TheNewRight,[removed],aa6ibp,self.TheNewRight,,True
The New Right,TheNewRight,[deleted],a5za8q,self.TheNewRight,,True
'The wall is being built' So proud of our President right now.,TheNewRight,[removed],a5k65i,self.TheNewRight,,True
Has Candace Owens (Red Pill Black) fooled anyone into believing that she's really a conservative?,TheNewRight,[removed],a22q22,self.TheNewRight,,True
❄️❄️❄️,TheNewRight,[deleted],a21ad8,theintercept.com,,False
"Watch: ABC Debuts “Give it to me straight,” Ad - Now Even They’re Their Commercials Are Fake News",TheNewRight,,a3f6ya,bluepillsheep.com,,False
"Fox News Laura Ingraham Calls Out Classless MSNBC Hosts Nicolle Wallace, Mika Brzezinski for their Trump Hate",TheNewRight,,a319gs,bluepillsheep.com,,False
The Battle Between The View’s Joy Behar and Meghan McCain Was Like Watch Two Hippo's Fighting For Dominance... And It's Far From Over,TheNewRight,,a2znu3,bluepillsheep.com,,False
"VIDEO: Call it the “Trump Truth,” Call it ‘OBAMAmnesia,’ you can even just call it plain old “Reality.” But whatever you call it, the Trump haters refuse to report the Trump FACTS.",TheNewRight,,a7b6qp,bluepillsheep.com,,False
"19,000 ‘lost’ Strzok-Page texts found",TheNewRight,,a5xo48,pacificpundit.com,,False
Evidence Coming Out Of The Flynn Case Makes Muller Look Worse,TheNewRight,,a7mg31,thefederalist.com,,False
Evidence Coming Out Of The Flynn Case Makes Muller Look Worse,TheNewRight,,a7mfx6,thefederalist.com,,False
A Federal Judge Finally Exposes The Lies At The Heart Of Obamacare ... Sold to the people under false pretenses upheld by a dishonest Supreme Court ruling. Now it's coming apart it's about time.,TheNewRight,,a89z4g,thefederalist.com,,False
"Awkward... Revealed Facebook emails show plans for data slurping, selling access to addicts' info, crafty PR spinning",TheNewRight,,a3r0g2,theregister.co.uk,,False
And Democrats say there is no election fraud.,TheNewRight,,a3782e,thinkprogress.org,,False
Another migrant murder? Afghan suspected of murdering 16-year-old Austrian girl,TheNewRight,,a5kxbh,voiceofeurope.com,,False
Federal judge in Texas rules Obama health-care law unconstitutional,TheNewRight,[deleted],a6b94u,chicagotribune.com,,False
2018 in a Nutshell -- 11-Yr-Old Boy Dresses In Drag...Grown Men Throw $Bills At Him At Gay Bar…Good Morning America Celebrates His “Courage”,TheNewRight,,a9ozx7,100percentfedup.com,,False
"Macron is no longer a partner of Germany to save Europe and the eurozone, he has become a risk factor.'",TheNewRight,,a66bsm,newrightnetwork.com,,False
For the Left it is not about justice or protecting all Americans from assaults and attacks. It's about harnessing a narrative that President Trump is to blame for all of societies ills.,TheNewRight,,a7ykm9,newrightnetwork.com,,False
The days of Tip O'Neal are over; the Democrats are now a lawless open borders party #MAGA,TheNewRight,,a9q4s2,newrightnetwork.com,,False
Dershowitz: Mueller Investigation Is Over 'as Far as Trump's Concerned',TheNewRight,,a77h3u,readthepolitics.com,,False
Progressives Attack Kevin Hart For The Same Thing They Defended James Gunn For Doing,TheNewRight,,a42oyw,society-reviews.com,,False
George Soros named Financial Times’ Person of the Year,TheNewRight,,a831q7,washingtontimes.com,,False
Adam Carter's Christmas Present: Guccifer 2.0 Game Over – RUSSIAN HACKING BTFO,TheNewRight,,a9i2am,disobedientmedia.com,,False
"British Civic Nationalism: Infighting, Betrayal and a Wasted Victory",TheNewRight,,a2z9f3,republicstandard.com,,False
Western Man: You Need to Start Playing the Long Game,TheNewRight,,a5tae4,republicstandard.com,,False
Denmark to Send Foreign Criminals to Live on Remote Island,TheNewRight,,a5av2y,translate.google.com,,False
Top Clinton Donors INDICTED For Defrauding The Pentagon Of over $1.4 Billion,TheNewRight,,a8giep,conspiracyreveals.com,,False
Top Clinton Donors INDICTED For Defrauding The Pentagon Of over $1.4 Billion,TheNewRight,,a8gij9,conspiracyreveals.com,,False
"The Elites Haven't Faced Consequences; Brennan, Comey, Clapper, Rice All Lied",TheNewRight,,a7xp5i,realclearpolitics.com,,False
Venezuelans Now Regret Giving Up Their Guns - This is What Happens to a Disarmed Populace,TheNewRight,,a7xqi7,thetruthaboutguns.com,,False
"Leftists Ignore Melania Bravely Entering Combat Zone, Instead Attack Her Outfit",TheNewRight,,aacuu8,conservativetribune.com,,False
"France Is Burning! Thousands Riot as 89,000 Police Arrest Hundreds. What began as a mostly grassroots protest of the enraged working class is now far more than that. The barbarians have stormed the gate and taken the common man with them.",TheNewRight,[deleted],a4dvg8,independentsentinel.com,,False
Fed chair Powell’s rate hikes are wiping out retirement savings like the crash of 2008,TheNewRight,,a82jrp,thenationalsentinel.com,,False
"Dear Antifa, Saying You’re Against Fascists Doesn’t Excuse Acting Like One",TheNewRight,,a999t3,thefreethoughtproject.com,,False
"The government “can’t find” $20 trillion, while pension funds are tanking",TheNewRight,,abarcz,jonrappoport.wordpress.com,,False
The New French Right,TheNewRight,,a282vm,theamericanconservative.com,,False
Make the Rich Pay for Their Own Green Ideas,TheNewRight,,a42ffd,theamericanconservative.com,,False
Millenial Fashion (80's Rebrand),TheNewRight,[deleted],a33gsk,halloweencostumepictures.com,,False
The Emerging Connections Between The Muslim Brotherhood and “Never Trump”…,TheNewRight,,a82bzk,theconservativetreehouse.com,,False
"How to make money. Charge the government for party supplies, charge guests to come to the party. Profit.",TheNewRight,,a9jekl,qz.com,,False
CNN Journalist of the Year 2014 will face embezzlement charges for diverting donation meant for Syrian Children into his own bank account,TheNewRight,,abax0e,bbc.com,,False
Trump Supporter Triggers Vape Store Guy To Total Meltdown! (REACTION),TheNewRight,,ab3yah,youtu.be,,False
Never-Trumper 'Weekly Standard' Shutting Down after 23 Years!,TheNewRight,,a689s2,youtu.be,,False
12/22/18 News Drops,TheNewRight,,a8tlo4,youtu.be,,False
United States Doesn’t Need the Fed,TheNewRight,,a8sj2v,youtu.be,,False
Paris is Burning and so is Macron’s Political Future!,TheNewRight,,a2v31l,youtu.be,,False
OPUS 103 Trump's Chinese Dinner RAW,TheNewRight,,a2le5x,youtu.be,,False
ALERT:Mike Flynn Entrapped by Feds-Judge Sullivan May Dismiss Case Sanction Mueller Weissmann,TheNewRight,,a6910h,youtu.be,,False
Why So Many Women Are Rolling Solo,TheNewRight,[deleted],a486ad,youtu.be,,False
Spain’s Nationalist Right Vox Party Storms into Parliament!,TheNewRight,,a2s9bn,youtu.be,,False
"HAPPENING! Sen. McConnell Just ANNOUNCES THIS Over BORDER WALL,Throws Schumer UNDER THE BUS!",TheNewRight,,a8omiq,youtu.be,,False
Marshal Law in a few days he says..,TheNewRight,[deleted],ab29e4,youtu.be,,False
Roger Stone: Clintons Should Be Charged; Tried If Convicted -- Executed For Treason,TheNewRight,,a65gm1,youtu.be,,False
The GoFundTheWall Campaign Raises $10 Million in 4 Days,TheNewRight,,a8bvcz,youtu.be,,False
Tucker Carlson Tonight,TheNewRight,,a6lqnx,youtu.be,,False
Alexandria Ocasio-Cortez goes FULL RETARD part 2,TheNewRight,[deleted],a4rc4b,youtu.be,,False
trump set to release hilary email,TheNewRight,,a23xin,youtu.be,,False
I Had A Dream - Bush '43 Needs to Help Save America,TheNewRight,,a2lr1v,youtu.be,,False
Trump the 'GAME THEORY' False Court Jester,TheNewRight,,a7cqhe,youtu.be,,False
Clinton Actually DID Get Money From The Russians! Dick Morris TV,TheNewRight,,a2t87k,youtu.be,,False
Alex Jones Millie Confront Google CEO Sundar Pichai,TheNewRight,,a6kr4a,youtu.be,,False
"Goy Guide to World History pt 4 [48:24] -- How The Frankfurt School Attempted to Deconstruct the West, in the 20th Century",TheNewRight,,a8zc0l,youtu.be,,False
Antifa And Nationalists Fighting Side by Side Against Macron,TheNewRight,,a2auu1,youtu.be,,False
Trey Gowdy Shocked Lisa Page With One Question,TheNewRight,,a6lern,youtu.be,,False
The Stupid Concept of 'Hate Speech' is Antithetical to a Free Society,TheNewRight,,a2rfpo,youtu.be,,False
Google CEO asked about 'videos of Hillary Clinton consuming remains of children all over YouTube',TheNewRight,,a69pmt,youtu.be,,False
Nigel Farage SILENCES Trump Hating Panel With An Epic Rant,TheNewRight,,a4pq2v,youtu.be,,False
Bush Funeral Envelope of DOOM,TheNewRight,,a77xi6,youtu.be,,False
"Part 2: Worldwide Storm! Germany, France... Bible Study, Esther 8-10",TheNewRight,,a2sk2p,youtu.be,,False
Rep. Gowdy wants James Comey’s deposition taped and made public,TheNewRight,,a68enx,youtu.be,,False
The Democracy Red Pill,TheNewRight,,a7v70d,youtu.be,,False
Trump Targets the Fed,TheNewRight,,a8zkca,youtu.be,,False
Clinton Foundation Under Scrutiny as Whistleblowers Alert Congress to Wrongdoing,TheNewRight,,a4vbzi,youtu.be,,False
"Lefty Millennial Media Companies Are Collapsing, Investors Pull Out",TheNewRight,,a6jkc1,youtu.be,,False
"The Superhuman Genius of Trump: The Wall, Syria, Afghanistan, North Korea, Tax Cuts, Unemployment",TheNewRight,,a90uqv,youtu.be,,False
Apparently finger length makes you homosexual.,TheNewRight,[deleted],a4j56s,i.redd.it,,False
End Liberal indoctrination now!,TheNewRight,,a1zhb8,i.redd.it,,False
"«TUNE IN TONIGHT: I'll be on Fox News Laura Ingraham's show to discuss the border wall Gofundme! 10pm EST» Brain, Campaign founder.",TheNewRight,,a813la,i.redd.it,,False
The left's war is against you!,TheNewRight,,a9145w,i.redd.it,,False
And they wonder why we voted for Trump!?!,TheNewRight,,a9ln5w,i.redd.it,,False
"Talk shit, get Rekt.",TheNewRight,,a4kiw7,i.redd.it,,False
Almost at 300K people....,TheNewRight,,aacfg5,i.redd.it,,False
Almost at 250K people...,TheNewRight,,a8lo5n,i.redd.it,,False
"Meanwhile, in Berlin...",TheNewRight,,a2ubxy,i.redd.it,,False
MRW I hear about The New Right mobilizing if The Donald gets impeached,TheNewRight,[deleted],a5n0yd,imgur.com,,False
The Jaffe Memo,TheNewRight,,a5zk23,imgoat.com,,False
"Extreme radical liberals, political correctness kills off small NJ ice cream shop",TheNewRight,[deleted],a5m1rk,nj1015.com,,False
"Ben Shapiro: ‘If You Don’t Think There’s a Difference Between Men and Women, You Are a Fool’",TheNewRight,,a3sag8,cnsnews.com,,False
"Kill the Kulaks... chilling parallel between countless examples of mass murder for the common cause (dekulakization), and sick socialists damning doctors for not 'toeing the line' and helping Obama's fascist healthcare gambit",TheNewRight,,a5kh5y,i.imgur.com,,False
Trump to Steer More Money to ‘Opportunity Zones’,TheNewRight,,a5u8ic,nytimes.com,,False
GOP senators introduce bill to give Trump $25 billion for border wall,TheNewRight,,a3s1v0,thehill.com,,False
"CNN 'Journalist of the Year,' Admits He Fabricated Stories",TheNewRight,,a7xy94,thewrap.com,,False
"“I will never testify against Trump.” This statement was recently made by Roger Stone, essentially stating that he will not be forced by a rogue and out of control prosecutor to make up lies and stories about “President Trump.” Nice to know that some people still have “guts!”",TheNewRight,,a2pwgp,twitter.com,,False
97% Global Warming Consensus EXPOSED By Dr. Tim Ball,TheNewRight,,a9obxy,youtube.com,,False
Templars are innocent of all charges,TheNewRight,,a2xzf3,youtube.com,,False
Trump: 'It's Really The Democrat Shutdown',TheNewRight,,a8i2uc,youtube.com,,False
Make Mexico Great Again | Alexandria Ocasio-Cortez,TheNewRight,,a7wfcu,youtube.com,,False
Nigel Farage LBC Show - a 2nd Brexit referendum is looking more likely,TheNewRight,,a6qr0c,youtube.com,,False
Tommy Robinson EXPOSES the LIES and PROPAGANDA of Sky News,TheNewRight,,a9jlbx,youtube.com,,False
Free Form Mental Gymnastics and other PC Olympic Games,TheNewRight,,aai41t,youtube.com,,False
Hitler Promotes Multiculturalism in Israel (cartoon),TheNewRight,[deleted],a788j1,youtube.com,,False
RUSSIA RUSSIA RUSSIA $4700 to swing an election?,TheNewRight,,aac0ct,youtube.com,,False
A Merry Christmas,TheNewRight,,a98n4p,youtube.com,,False
"Globalism Is Dying - Conservatism, Traditionalism, and Religion Are the Future",TheNewRight,,a284wu,youtube.com,,False
Report: How the Legislative Branch Is Broken and What We Can Do About It,TheNewRight,,a4ds1e,issueone.org,,False
Fox News's top legal analyst says Donald Trump could be charged with three crimes and indicted while president,TheNewRight,,a50t1m,newsweek.com,,False
"Tired of Regressive Left SJW 'Journalists' Injecting Their Propaganda Into Gaming? Then Support Exclusively Games, A Site All About Games Without The Politics. The Hate Mob Are Already Attacking Them Before The Site Has Even Gone Live, We Need To Show Them Our Support!",TheNewRight,,a4nprt,indiegogo.com,,False
'Election Meddling' Enters Bizarro World As MSM Ignores Democrat-Linked 'Russian Bot' Scheme,TheNewRight,,aapqan,zerohedge.com,,False
Mueller Withheld 'Details That Would Exonerate The President' Of Having Kremlin Backchannel,TheNewRight,,a2wbhq,zerohedge.com,,False
"Macron On Edge As Up To 120,000 Angry 'Yellow Vests' Prepare To Storm The Bastille",TheNewRight,,a2ulx1,zerohedge.com,,False
"No LeBron, the NFL Is Not Slavery",TheNewRight,,aanno3,71republic.com,,False
"The Iraq War was Obligatory, Necessary and Correct - Here’s Why",TheNewRight,[deleted],a3z2xz,leftyliars.com,,False
"Ronald Reagan did want wall as Donald Trump said,",TheNewRight,,aapmf7,leftyliars.com,,False
The Left’s Freudian Slip Regarding Vietnam,TheNewRight,[deleted],a4vaem,leftyliars.com,,False
Bruce Springsteen - The Left's Political Genius,TheNewRight,[deleted],a2z612,leftyliars.com,,False
Europe is Taking Over US News. Reporters are everywhere but in the US.,TheNewRight,[deleted],a2i76c,leftyliars.com,,False
Trump Did Not Lie. All Taxes Are Paid by Businesses - This Explains Why,TheNewRight,[deleted],a56c9s,leftyliars.com,,False
What a lying president sounds like...,TheNewRight,,aaqp89,streamable.com,,False
"Hungary to FT: Soros an 'Enemy of Democracy', Not 'Person of the Year'",TheNewRight,,a8o6ja,abouthungary.hu,,False
CBS Employee Was ‘On Call’ To Perform Oral Sex On CEO Les Moonves,TheNewRight,,a3dpax,dailycaller.com,,False
No Majority of Citizens in the World Support Increasing Immigration,TheNewRight,,a56tj4,pewresearch.org,,False
"'War detectives' get new lead on British dead from Korean war, thanks to Trump",TheNewRight,,aa5ulp,theguardian.com,,False
Muslims demand full legal protection from Islamophobia | UK news,TheNewRight,,a2472i,theguardian.com,,False
US arrests Jewish sect members for kidnapping children. [12/28/18],TheNewRight,[deleted],aazlna,web.archive.org,,False
"Using Tear Gas isn't a war crime. In fact, it saves lives",TheNewRight,,a2b94j,amp.usatoday.com,,False
Radio host rails against Satanic sculpture placed next to Christmas tree at state capitol: ‘The left will never stop’,TheNewRight,,a43quu,bizpacreview.com,,False
"Antifa crowd with AR15s physically intimidate, threaten journalist at rally. Cops ask HIM to leave.",TheNewRight,,a2relf,bizpacreview.com,,False
"Trump threatens to have military build border wall ahead of funding meeting with Pelosi, Schumer",TheNewRight,,a59gbt,bizpacreview.com,,False
Grassley demands answers from FBI director Wray over raid of whistleblower on Clinton Foundation,TheNewRight,,a3017e,bizpacreview.com,,False
Potential witness fights back! Conservative writer Corsi files criminal complaint against Mueller,TheNewRight,,a2qz7i,bizpacreview.com,,False
"WaPo reporter troubled by ‘Foxification’ of Trump admin, Ari Fleischer swoops in with Obama reality check",TheNewRight,,a43z0u,bizpacreview.com,,False
The New Right!!!!!,TheNewRight,(Same as the old one),a7yfsn,self.TheNewRight,,True
Documents released on Thursday from the Las Vegas Metropolitan Police Department LVMPD point to multiple shooters and a contaminated crime scene in an already controversial investigation into the Las Vegas shooting over a year ago.,TheNewRight, The LVMPD released,abazuq,self.TheNewRight,,True
2019 Resolution: Flush Away the Neocons,TheNewRight,[deleted],a96nog,self.TheNewRight,,True
"VIDEO Migrants Turn Against Caravan Leaders who want them To Try Again, But They're Refusing to Rush U.S. Border",TheNewRight,,a2cv2x,bluepillsheep.com,,False
Watch SNL ‘Morning Joe’ Parody Of Alexandria Ocasio-Cortez,TheNewRight,,a2cy87,bluepillsheep.com,,False
FACT CHECK: Are There More Americans On Food Stamps Than There Are People In Canada?,TheNewRight,,a4wli5,checkyourfact.com,,False
Let’s Prosecute Google For Illegal Campaign Contributions,TheNewRight,,a5kjql,powerlineblog.com,,False
'It is time to bring out our inner Vikings' - Swedes start protesting against mass migration in front of Parliament,TheNewRight,,a2rsii,voiceofeurope.com,,False
Mueller’s Trump Investigation Plan: Report Not a Criminal Case,TheNewRight,,a239gt,nationalreview.com,,False
"Shutdown Symbolism: $5 billion is a pittance in the budget, but blocking it would keep Trump from fulfilling his main campaign promise - and threaten his reelection",TheNewRight,,abaq3u,nationalreview.com,,False
Donald Trump “Russia Hoax” Conspiracies -- Republicans Must Reject Them and Examine Evidence,TheNewRight,,a5069z,nationalreview.com,,False
US: Mattis Blocks US$500M Israel F-16 Sale Before Resigning,TheNewRight,,abc2hn,telesurenglish.net,,False
"Tijuana Mayor Goes Scorched Earth on Caravan Organizers, Calls for Arrest",TheNewRight,,a27tlb,westernjournal.com,,False
"Clinton Foundation whistleblowers have been working with FBI and IRS since last year | It turns out that whistleblowers inside and outside the Clinton Foundation have amassed '6,000 pages of evidence attached to a whistleblower submission filed secretly more than a year ago with the IRS",TheNewRight,,a42k2v,americanthinker.com,,False
France's Gas Tax Disaster Shows We Can't Save Earth by Screwing Over Poor,TheNewRight,,a4azkw,earther.gizmodo.com,,False
Angel moms (whose loved ones were killed by illegal aliens) held a news conference at the U.S.-Mexico border last night to show their support for President Trump.,TheNewRight,,a6ippx,newrightnetwork.com,,False
'Everyone loves Christmas except Google.' Why does Google never spotlight Christmas in their doodle memes? Find out more in our are article below!,TheNewRight,,a8m46p,newrightnetwork.com,,False
Trump's White House: Keeping it in the Family,TheNewRight,,a8udaz,republicstandard.com,,False
Creepy John Podesta Represented Foreign Governments While Working in White House,TheNewRight,,a9a52j,thegatewaypundit.com,,False
Woke Chief's Player Kareem Hunt Sits for Anthem -- But Beats Woman in Hotel Hallway,TheNewRight,,a2fs2d,thegatewaypundit.com,,False
ITALY Reduces Migrant Landings by 96% in Only Two Years,TheNewRight,,a3r57c,thegatewaypundit.com,,False
President Trump Breaks Another Economic Record: S&P 500 Incurs Best Week Ever!,TheNewRight,,a281jd,thegatewaypundit.com,,False
10 YEARS AGO TODAY - Al Gore Predicted North Pole Would Be COMPLETELY ICE FREE in Five Years,TheNewRight,,a5wvsl,thegatewaypundit.com,,False
BREAKING: Documents Reveal Google Employees Debated Burying Conservative Media in Search After Hillary Loss,TheNewRight,,a2822p,thegatewaypundit.com,,False
Google Approves App For Muslims To Report People Who Commit Blasphemy,TheNewRight,,a56ny0,bigleaguepolitics.com,,False
"President Trump's decision to withdraw the 2,200 US Special Forces from Syria and to bring 7,000 American troops home from Afghanistan is more bad news for the neocons. It raises questions about how long John Bolton is going to survive as National Security Advisor.",TheNewRight,,aamifj,turcopolier.typepad.com,,False
"As Hemp Legalized, Facebook Now Banning Hemp Pages in Apparent Move to Protect Big Pharma",TheNewRight,,aabow8,thefreethoughtproject.com,,False
Dey Took Are Jerbs!,TheNewRight,,a3cf0q,obamawhitehouse.archives.gov,,False
Social Justice Has Become The Left's 'Non-Theistic Religion',TheNewRight,,a3bdek,youtu.be,,False
"Boom, [HR[D]C] Panic, Dec 5, Another Whistleblower, Nothing Can Stop What’s Coming",TheNewRight,,a2mru2,youtu.be,,False
Famed Game Dev to Leftists 'PLEASE wake up You are evil',TheNewRight,,a44rsh,youtu.be,,False
Prager U is wrong on Israel.,TheNewRight,[deleted],a37nvo,youtu.be,,False
Pantera - Cowboys From Hell - Full Album - High Quality [Theme for Yellow Jackets],TheNewRight,[deleted],a3wppi,youtu.be,,False
"2018 recap : Worst of progressives, SJWs and allies",TheNewRight,,ab2j8s,youtu.be,,False
Troll Review: The Xhale City Screecher,TheNewRight,,ab4f7i,youtu.be,,False
Petition to Give Alex Jones White House Press Pass Gets 50K Signatures!,TheNewRight,,a24vxi,youtu.be,,False
BREAKING:Bill Barr is New AG - Cohen Manafort docs filed by Mueller Reveal NO Russian Collusion,TheNewRight,,a481cx,youtu.be,,False
Heather MacDonald warns US colleges are breeding hate,TheNewRight,,a2ncth,youtu.be,,False
Tom Fitton w/Jim Jordan: Hillary Clinton 'Was Is' Being Protected over Her Actions at State Dept.,TheNewRight,,a68fkl,youtu.be,,False
Even France wants a leader who has a pair!,TheNewRight,,a2qpat,youtu.be,,False
A MESSAGE TO THE DEEP STATE: You are in the Kill Box! We Are The Champions!,TheNewRight,,a8onu2,youtu.be,,False
"Study: Wealthy Thrived in Obama Recovery, Rural America Left Behind",TheNewRight,,a5b7jx,axios.com,,False
Found a pedophile,TheNewRight,,a7fb4j,i.redd.it,,False
Kek,TheNewRight,,a8ejrx,i.redd.it,,False
Damn white people and their *shuffles cards * future cries of injustice,TheNewRight,,a9q8w7,i.redd.it,,False
Never let them cover up the USS Liberty!,TheNewRight,,a3ysgj,invidio.us,,False
"Corsi files criminal complaint against Mueller, alleges bid to seek false testimony",TheNewRight,,a2tm16,foxnews.com,,False
"Venezuelans regret gun ban, 'a declaration of war against an unarmed population'",TheNewRight,,a68g52,foxnews.com,,False
Last-Minute Push to Restore Net Neutrality Stymied by Democrats Flush With Telecom Cash.,TheNewRight,,a5k9lq,gizmodo.com,,False
Obama NEVER Missed Seeing The Troops On Christmas Day!,TheNewRight,,aa4q1m,i.imgur.com,,False
Microsoft will give the U.S. military access to 'all the technology we create',TheNewRight,,a2fk05,latimes.com,,False
Well it took a little while. But i finally triggered worldnews mods with facts and reality! ,TheNewRight,,a4c83v,magaimg.net,,False
Inside Facebook’s Secret Rulebook for Global Political Speech,TheNewRight,,aado9d,nytimes.com,,False
The Riots Over Macron’s Global Warming Tax May End His Career,TheNewRight,,a2fvrx,thegwpf.com,,False
"Italian MEP Angelo Ciocca pulls out Yellow Vest in European Parliament, shouting 'Wake Up, Wake Up to Islamic Extremism'.",TheNewRight,,a6a2y9,twitter.com,,False
More on South Africa -- Today is a Perpetual Sabbath,TheNewRight,,a6uc8x,youtube.com,,False
Looking Back On President Trump's Extremely Successful Year,TheNewRight,,aaryse,youtube.com,,False
Legal Reality is NOT reality.,TheNewRight,,a46w6s,youtube.com,,False
That Time a Guy Tried to Build a Utopia for Mice and it all Went to Hell,TheNewRight,,aam321,bitchute.com,,False
"Judge Apologizes For Suggesting Flynn Is A Traitor, Delays Sentencing",TheNewRight,,a7f4oh,zerohedge.com,,False
Republicans Have Melania. Democrats Have Big Bird.,TheNewRight,[deleted],ab6osd,leftyliars.com,,False
"Watch Joe Scarborough Cite Jesus, Scripture During His Trump, and America is Evil, Illegal Immigration Tirade... Maybe Joe Better Brush Up On His Hebrews 13:4",TheNewRight,,a9qg9h,poordonkey.com,,False
"Rolling Stone's Blatantly Dishonest John Kelly Exit Interview, Trump Liberal Bias Article",TheNewRight,,abcq12,poordonkey.com,,False
Adrenochrome: The Real Story,TheNewRight,,a2rygl,soundcloud.com,,False
'ISIS-inspired Christmas bomb plot' is foiled in Newcastle,TheNewRight,,a5jpel,dailymail.co.uk,,False
‘Classic entrapment.’ Gorka sets internet ablaze with suggestion for Trump: Pardon Flynn and make him Chief of Staff,TheNewRight,,a5traz,bizpacreview.com,,False
You too can tweet just like Alexandria Ocasio-Cortez with this side-splitting 5-step tutorial,TheNewRight,,a2s67f,bizpacreview.com,,False
Study finds climate change laws in New York and California are hurting poor people the most,TheNewRight,,a43yll,bizpacreview.com,,False
92 New Papers (2018) Link Solar Forcing To Climate . . . Some Predict Solar-Induced Global Cooling By 2030,TheNewRight,,aa2mae,notrickszone.com,,False
"The Most Racist Countries in the World, Ranked",TheNewRight, **1 India** **2 Lebanon** **3 Bahrain** **4 Libya** **5 Egypt** **6 Philippines** **7 Kuwait** **8 Palestine** **9 South Africa** **10 South Korea** **11 Malaysia** **12 Nigeria** **13 Iraq** **14 Kyrgyzstan** **15 Ecuador** **16 Algeria** **17 Pakistan** **18 Yemen** **19 Hong Kong** **20 Russia** **21 Thailand** **22 Cyprus** **23 Turkey** **24 Morocco** **25 Japan** ,a9otjd,self.TheNewRight,,True
4 users will have their timeout expire in 24 hours,TheNewRight,"I placed 4 users on a 14 day timeout, that timeout expires in 1 day. 1. PancakesAndAss 2. GumbyRustcloud 3. el5965 4. Ipunchfreely Hopefully they have had time to reflect on their behavior. If they continue to behave in the manner in which resulted in the timeout, I will permanently ban them from the subreddit. &#x200B;",a7exfm,self.TheNewRight,,True
Don't Subscribe to Political Humor,TheNewRight,Wannabe left liberals t silenece my voice and had me banned no reason,a7h25h,self.TheNewRight,,True
The Swedes become second-class citizens as migrants receive preferential treatment with housing and jobs,TheNewRight,,a324y0,voiceofeurope.com,,False
This week in things that didn't age well,TheNewRight,,a2tnnd,mobile.twitter.com,,False
"The Perpetual Presidency -- Obama believes that all of Trump’s successes are due to Obama, and all of Trump’s setbacks are his own.",TheNewRight,,a3s4iz,nationalreview.com,,False
The stomach-turning 'ballot-harvesting' that enabled Democrats to walk off with California,TheNewRight,,a3r8z8,americanthinker.com,,False
MERRY CHRISTMAS! While Democrats Were Sleeping President Trump Ended Catch-and-Release Policies,TheNewRight,,a9owdl,thegatewaypundit.com,,False
Democrats Say $5 Billion for Wall is a 'Waste of Money' -- But Cost of Illegal Alien Burden in US is $155 Billion Per Year,TheNewRight,,a5m7zh,thegatewaypundit.com,,False
3.5 Million People Drop Off Food Stamps Under Trump,TheNewRight,,a50kst,fns-prod.azureedge.net,,False
Germany: New Law Banning Child Marriage Declared Unconstitutional,TheNewRight,,a8mb33,gatestoneinstitute.org,,False
The Case for Bringing Big Tech under First Amendment Regulation,TheNewRight,,a23b9s,neociceroniantimes.wordpress.com,,False
Trump Just Signed Executive Order – Democrats Immediately Lose Holy Grail,TheNewRight,,a6f9vg,youtu.be,,False
Donald Trump / Rand Paul 2020,TheNewRight,,a9ljkh,youtu.be,,False
"I Am Happy That HW Bush Has Died, He Was a Worthless Warmongering Neocon",TheNewRight,,a24ldd,youtu.be,,False
"Right On Schedule, Fed Takedown Proceeding As Planned",TheNewRight,,a7u7g3,youtu.be,,False
'What Is Wrong With Them??'- Tucker Carlson Dave Ruin Talk About Leftist Censoring Free Speech,TheNewRight,,a68l41,youtu.be,,False
PragerU: 'Send more money to Israel!',TheNewRight,,a2u2od,youtu.be,,False
The Alex Jones Learn the real reason why Trump withdraws troops from Syria and Afghanistan,TheNewRight,,a8srej,youtu.be,,False
I'm not completely sure the story behind this video but it posted within the past hour and I think the title is something like 'yellow vests arrive with good reinforcements. The Thai people are with us.' I know yellow vests has spread across Europe. It is becoming a worldwide anti-globalism symbol?,TheNewRight,[deleted],a4iqc8,youtu.be,,False
What President Donald Trump JUST SAID you will not believe,TheNewRight,,a46ezg,youtu.be,,False
This cartoon says it all!,TheNewRight,,a9l1jq,i.redd.it,,False
Don Jr. Brings the Heat on Instagram,TheNewRight,,a2mhg3,i.redd.it,,False
"In France, les deplorables strike back",TheNewRight,,a4bg7g,nypost.com,,False
"I don't like Curb Your Enthusiasm, but I can hear the theme song playing in the background.",TheNewRight,,a32td8,m.imgur.com,,False
Federal Judge Strikes Down Most of Trump's Asylum Policy,TheNewRight,,a7z2v9,thehill.com,,False
"JOHN PODESTA CAUGHT UP IN MASSIVE TREASONOUS ACT, INDICTMENT?",TheNewRight,,a9bwzf,usblog.live,,False
Muslim arrested for mass casualty attack-plan in Italy by poison,TheNewRight,,a27w5o,youtube.com,,False
Amazon’s Alexa is a CRAZY SJW LIBERAL!,TheNewRight,,a6phqc,youtube.com,,False
Top 10 Progressive Endorsements of Child Abuse in 2018,TheNewRight,,aadry0,barbwire.com,,False
"One Year Later, The Left's Net Neutrality Lies Look Even Dumber",TheNewRight,,a73ven,redstate.com,,False
News - Time to Clear Out the Obama Holdovers and the Climate Propaganda They Spread,TheNewRight,,aaphkv,heartland.org,,False
The Daily Beast journalist wants to KILL and ABOLISH white people.,TheNewRight,[deleted],a6ew4s,leftyliars.com,,False
Bloomberg Re-heats Stale Nothingburgers,TheNewRight,[deleted],a3bkxc,leftyliars.com,,False
Eureka!,TheNewRight,,a2khmh,motherjones.com,,False
leftists want to stay in syria because they hate brown people,TheNewRight,"We've always known how racist the left is. They want middle easterners eradicated because of the color of their skin. They loved Obama so much because he spent 8 years bombing brown people. Even better, Obama is black so it gave them a cover for their racism. 'Oh how can i be racists for wanting all these brown people killed when i support a black president hurr durr durr' Democrats are racist scumbags.",a9qiq2,self.TheNewRight,,True
Why have we seemingly forgotten about this??,TheNewRight,This low I.Q. individual should be investigated!,a445nc,self.TheNewRight,,True
Billionaire Koch Brothers: 'Serious Mistake' to End Welfare-Dependent Immigration to U.S.,TheNewRight," The billionaire Kochs — avid defenders of mass immigration and free trade — are decrying the welfare-dependent immigration ban through their network of organizations. The Libre Initiative, just one of many Koch-funded groups, wrote a letter to the United States Citizenship and Immigration Services (USCIS), claiming that such a policy would harm the nation’s economy and cripple businesses that rely on cheap, foreign labor: >Under current law and longstanding practice, immigrants to the United States should be able to provide for themselves, or—in times of need—rely on the legal sponsors who have committed to support them. We welcome the opportunity to work with anyone to improve how these policies are administered. **It would be a serious mistake however, to revise the public charge rule in such a way that its effect is to deprive our nation of the very talented and hard-working people** we seek to welcome and who history shows contribute so much to our success. \",a6eu1p,self.TheNewRight,,True
I Always Wanted A Recession For Christmas,TheNewRight,Thanks Mr President!,a97z3v,self.TheNewRight,,True
5 Shocking Facts About The Clintons and Haiti You Likely Don’t Know,TheNewRight,,aaaofx,dcdirtylaundry.com,,False
"Corsi To Hit Mueller with Criminal Complaint, Reveals Mueller Asked Him To Commit Witness Tampering",TheNewRight,,a2gb7w,westernjournal.com,,False
Mass grave of Christians slain by Islamic State in 2015 uncovered in Libya,TheNewRight,,aapj4h,washingtontimes.com,,False
HUGE Donors to Bill and Hillary Clinton Indicted for Defrauding US to Win $8 Billion Military Contract,TheNewRight,,a3669i,thegatewaypundit.com,,False
Obstruction? Mueller probe wiped Strzok phone before giving it to investigators,TheNewRight,,a6esjo,conservativereview.com,,False
It is also known.,TheNewRight,,a9j9yv,amp.businessinsider.com,,False
Brazil's Jair Bolsonaro Slams Environmentalism as ‘Marxist Ideology’!,TheNewRight,,a31h4r,youtu.be,,False
Trump Bravely Orders Withdrawal in Syria While Chickenhawk Warmonger Globalist Neocons and Demonrats Scream Bloody Murder,TheNewRight,,a84l6c,youtu.be,,False
Graham's warning to Trump: World is 'sizing you up' re: Kashoggi,TheNewRight,,a3oeqm,youtu.be,,False
"Dr E Michael Jones, The Intentional Degradation of Our Culture. [56:47]. Intellectual Discussion on Economics and Negative Power.",TheNewRight,[deleted],a9aowy,youtu.be,,False
The Media Is Pretending that the Proliferation of Trump Investigations Isn't Odd,TheNewRight,,a6t1wd,youtu.be,,False
Trump Kanye “By The Door” Oil Painting I just finished,TheNewRight,,aa0jg1,i.redd.it,,False
"Over 50K people have donated to building the wall, wheres the 62 million Trump voters at?",TheNewRight,,a7y33h,i.redd.it,,False
Has @realDonaldTrump stood up for his supporters who have been attacked by ANTIFA and censored by big tech monopolies?,TheNewRight,,a58jxw,imgur.com,,False
Just A Reminder: after 2 years no evidence has emerged that trump cohen flynn OR manafort colluded in any way with russia. BUT we DO have 100% evidence that hillary LITERALLY paid russia for propoganda (dossier) that she used to to overthrow the us president for russia,TheNewRight,,a4e3n7,medium.com,,False
Mueller is looking into a Trump Tower in Russia that was never built and doesn’t exist but ignoring the very real hundred million dollars that Russia gave the Clinton Foundation when Crooked was Sec. of State and signed off on Uranium One.,TheNewRight,,a34rv7,medium.com,,False
California Abandons its Plan to Tax Text Messages following FCC Ruling,TheNewRight,,a7qidi,fortune.com,,False
German ‘fake news’ reporter found to have embezzled donations intended for Syrian orphans,TheNewRight,,a9wxbh,trapmag.com,,False
Tucker Carlson WRECKS Donald Trump,TheNewRight,,a4n9or,youtube.com,,False
NFL Ad Revenue Crashes Due to 2017 Ratings Decline,TheNewRight,,a2w2d0,breitbart.com,,False
"BREAKING Canova Contests The Results Of Congressional Race Against Dirty Debbie Wasserman-Schultz, Calls For Revote",TheNewRight,,a28tki,zerohedge.com,,False
FBI Knew Steele Dossier Was Bogus Before Using In FISA Application:,TheNewRight,,a3svny,zerohedge.com,,False
Robert De Niro doesn’t know what Brexit is and yet CNN is treating him like a political sage.,TheNewRight,[deleted],a7qqx1,leftyliars.com,,False
"Stormy Daniels Is Ordered to Pay Trump $293,000 in Fees and Sanctions",TheNewRight,,a5bbcp,news.yahoo.com,,False
Scandinavian women murdered in Morocco were 'victims of ISIS',TheNewRight,,a82mgk,dailymail.co.uk,,False
Pirates of the Caribbean: Venezuelans stalking open seas as socialist economy collapses,TheNewRight,,aavx7l,telegraph.co.uk,,False
Literally Swedish Feminist Lawyer: 'It's good that rape numbers are up... it means more women feel comfortable to report their rapes'. SMFH,TheNewRight,**WARNING - COMPLETE PROPAGANDA LINK:** ,a7yiil,self.TheNewRight,,True
Facebook Is Doomed: It Allowed Companies to Read Users' Private Messages,TheNewRight,,a844fw,youtu.be,,False
The Clintons are Slowly Dwindling Into Irreparable Disgrace,TheNewRight,,a3pah2,youtu.be,,False
The Fall of California,TheNewRight,,a7v0ge,youtu.be,,False
Owen Shroyer Redpills The World in 8 Minutes,TheNewRight,,a8bpdq,youtu.be,,False
Where is populism headed in 2019?,TheNewRight,,a915dq,youtu.be,,False
Just about sums it up,TheNewRight,[deleted],a32p99,google.ca,,False
The ugly face of abortion,TheNewRight,,a5zk60,i.redd.it,,False
Libtards,TheNewRight,,aa50al,i.redd.it,,False
Reform Congress,TheNewRight,,a8d57t,i.redd.it,,False
"DiGenova: Mueller's 'Investigation Is a Complete Failure,' 'No Evidence' of Collusion",TheNewRight,,a2rniz,cnsnews.com,,False
"This girl is dropping red pills on r/pics - I wonder how many of them will realize, or if their cogdiss will revert them to braying asses",TheNewRight,,a73inn,i.imgur.com,,False
The only ‘Russian bots’ to meddle in US elections belonged to Democrat-linked ‘experts’,TheNewRight,,aaf4rn,rt.com,,False
Womp womp,TheNewRight,,a395uv,cnbc.com,,False
"Farage on Paris Riots, 'Disconnected' Macron: 'Goodness Knows Where This Ends'. France, Germany, Belgium, Sweden, And The Netherlands! Oh My! The Lefts End is Nigh",TheNewRight,,a4r8pt,youtu.be,,False
r/politics hates women,TheNewRight,,a4y8kj,i.redd.it,,False
EU: Bans powerful vacuum cleaners while simultaneously failing to punish rapists.,TheNewRight,,a6py7r,i.redd.it,,False
Notch Spells It Out,TheNewRight,,a4kxzw,i.redd.it,,False
"Adjusted for ppp (Purchasing Power), France would be the poorest state in America, behind Alabama. And they're taxed more than any other European country. No wonder they're rioting",TheNewRight,,a4e9ze,i.redd.it,,False
"Asked why WTC 7 collapsed on 9/11, the head of the official investigation of the WTC collapses said in 2006: 'Truthfully, I don't really know. We've had trouble getting a handle on building No. 7'",TheNewRight,,aa2kfc,nymag.com,,False
"LMAO!!! Who did the 'journalists' from Time magazine name 'Person of the Year'?........JOURNALISTS!!!!! They are so high on their supply, it makes me sick!",TheNewRight,,a571cd,yahoo.com,,False
"Obama ordered schools to ignore bullying, violence and class disruption based on race. - In 2014 his administration sent “guidance” letters that threatened federal action if black suspension rates weren’t reduced, demanding racial parity in school discipline, regardless of who was breaking rules.",TheNewRight,,a9oh1r,outline.com,,False
A Flashback to 'Scandal Free',TheNewRight,,a6pk06,youtube.com,,False
From the State that brings you more new taxes every year on everything imaginable: a tax by unelected bureacrats on cell phone texts,TheNewRight,,a6gaeb,observer.com,,False
"Robert Mueller, The NY Times and Hitler’s Big Lie",TheNewRight,[deleted],a2nstc,leftyliars.com,,False
"Garbage far-left sub, r/PolitcalHumor, disables comments due to the government shutdown. Let's call on all other alt-left forums to do the same! Only essential subreddits from this day forward.",TheNewRight,,a8lia1,i.redd.it,,False
Maybe all the animals at Oregon Zoo wouldn't be dying if they were looking for competent people.,TheNewRight,,a1ypmf,imgur.com,,False
Gavin Mcinnes On Why He's Being Censored From The Internet,TheNewRight,,a6la6v,youtube.com,,False
"Kevin Spacey Threatens Deep State, Says He'll 'Confess It All'",TheNewRight,,aa0hwk,youtube.com,,False
Trump To Dems: I Won't Reopen The Government 'Until We Have A Wall',TheNewRight,,aa666q,youtube.com,,False
Breaking: Mueller Withheld Exculpatory Evidence from Court to Exonerate Trump,TheNewRight,,a2qtya,thegatewaypundit.com,,False
Woman cries after being told men are stronger than women,TheNewRight,,a4ejs2,youtu.be,,False
Former president George H.W. Bush dies at age 94 - Houston Chronicle,TheNewRight,,a20gj8,chron.com,,False
Got Banned from the_donald for this. Is it OK to support a wall here at TNR?,TheNewRight,[deleted],a7f1ig,i.redd.it,,False
Glorious,TheNewRight,,a7hnqh,i.redd.it,,False
"Ronald Reagan Wanted a Border Wall (Fence) - Here is the evidence. Trump, once again, is correct.",TheNewRight,[deleted],aakvi2,leftyliars.com,,False
South Africa to Proceed with Stealing Land from White Citizens,TheNewRight,,a2nj32,youtu.be,,False
Damn white people and their *shuffles cards * rejection of slavery,TheNewRight,,a8227s,i.redd.it,,False
Cracked the code on these reddit circle jerks.,TheNewRight,,aanvbi,imgur.com,,False
Nigel Farage Says Theresa May has made the UK a Laughing stock,TheNewRight,,a6jryj,youtube.com,,False
"The President tweeted, 'As I predicted all along, Obamacare has been struck down struck down as an UNCONSTITUTIONAL disaster!",TheNewRight,,a70kmb,newrightnetwork.com,,False
Corrupt Facebook Continues War on Free Speech - Worked with Liberal 'Rights' Groups During 2018 Election,TheNewRight,,a99e1t,thegatewaypundit.com,,False
"Men lie, women lie, numbers don't lie.",TheNewRight,,a2khfd,i.redd.it,,False
Trump Lies About Trade Deal and Market Drops 700 pts,TheNewRight,[deleted],a36n2e,vanityfair.com,,False
Endless War Has Been Normalized And Everyone Is Crazy,TheNewRight,,a962pz,blacklistednews.com,,False
"Tucker Boycott, Sargon Ban Prove Social Justice Is Just A Cover",TheNewRight,,a8ttd5,youtu.be,,False
The Democrat party is a parody of itself,TheNewRight,,a8ddql,i.redd.it,,False
"Flashback: Obama Said Illegals Should Learn English, Go to 'Back of the Line'",TheNewRight,,a2uijs,westernjournal.com,,False
Survey: Liberals don't understand basic economics,TheNewRight,,a6evpb,npri.org,,False
London murder rate hits 10-year high after man stabbed to death,TheNewRight,,a8mp3j,mirror.co.uk,,False
President Trump signs the Farm Bill making dog and cat meat illegal in the United States,TheNewRight,,a9ojev,wrdw.com,,False
World’s Most Popular YouTuber Tears Apart Establishment Media,TheNewRight,,a9umrw,youtu.be,,False
Damn white people and their *shuffles cards * grammar,TheNewRight,,a9npf3,i.redd.it,,False
"Superman knows, he fought the KKK",TheNewRight,,a3g3s4,i.redd.it,,False
Maga pillow,TheNewRight,,a29h9y,imgur.com,,False
Bruce Springsteen - the left’s political genius,TheNewRight,[deleted],a35auu,leftyliars.com,,False
Clintons Score 84% Empty Crowd on Opening Night of Speaking Tour,TheNewRight,,a2rsgf,bitchute.com,,False
Hmmm,TheNewRight,,a4oor3,i.redd.it,,False
"Google CEO Admits: After an exhaustive study - they found only $4,700 that was spent by Russian firms to advertise with Google. Thats right - less than 5k is the 'Russian Collusion'",TheNewRight,,a5cboz,youtube.com,,False
Far-left IRS Defends Giving Refunds to Illegals,TheNewRight,,aabtll,insider.foxnews.com,,False
Pedophilia in its most basic term is the preying of adults on children for sexual gratification. Adults viewing children as the objects of their sexual desires.,TheNewRight,,a7lyp3,newrightnetwork.com,,False
Corsi to Tucker: Mueller wanted me to lie,TheNewRight,,a2vu47,youtu.be,,False
"Marine Le Pen talks about Yellow Vests protests + Emmanuel Macron, Gilets Jaunes, English subtitles",TheNewRight,,a8zmrj,youtu.be,,False
Abortion Leading Cause of Death in 2018 with 41 Million Killed,TheNewRight,,abaozp,breitbart.com,,False
Nancy Pelosi's brother-in-law is given $737m of taxpayers' money to build giant solar power plant in middle of the desert,TheNewRight,,a9od6f,dailymail.co.uk,,False
Mike Cernovich exposes malicious prosecution in Charlottesville,TheNewRight,,a38bg7,youtube.com,,False
It's like a sjws wet dream,TheNewRight,,a203p0,i.redd.it,,False
"Girl, 10, repeatedly raped by ‘migrant grooming gang’ in Finland",TheNewRight,,a5c3ko,thesun.co.uk,,False
"ISIS is smuggling homosexuals into the country and it is all being paid for by Central America. Something, something, Jews.",TheNewRight,,a3ds7v,usatoday.com,,False
Hahahahahaha,TheNewRight,,a7bklu,i.redd.it,,False
Official Call For PancakesAndAss to be banned. Trolling and homophobia and insulting users,TheNewRight,This troll has been harassing our community for long enough. And he is homophobic to boot. Let's get this guy out of here!,a3feyw,self.TheNewRight,,True
President George H. W. Bush Blamed the Fed for his 1992 Reelection Loss - And the Fed is Doing the Same Thing to President Trump Today,TheNewRight,,a2f6v8,thegatewaypundit.com,,False
Obama GOING TO FEDERAL PRISON After THIS! The VIDEO Obama Wants To HIDE Hannity WANTS ALL To SEE!!,TheNewRight,,a6dgc9,youtu.be,,False
"ONLY TWO PEOPLE IN THIS PICTURE HAVE BEEN BROUGHT TO JUSTICE FOR THE KIDNAP, MULTIPLE RAPE, TORTURE AND MUTILATION OF A 4 YEAR OLD GIRL",TheNewRight,,a7ptv8,i.imgur.com,,False
About half of U.S. troops in Afghanistan to be withdrawn within weeks,TheNewRight,,a89y6w,marketwatch.com,,False
Real Russian Collusion --- Uranium One Timeline,TheNewRight,,a287z5,web.archive.org,,False
Kevin Spacey Puts Out Bizarre Frank Underwood Video To Defend Himself Against the #MeToo charges,TheNewRight,,a9exyb,poordonkey.com,,False
Calling out the two lying shit posters on this sub. You two know exactly who you are.,TheNewRight,"I recognize that I am not very popular here, and many of you have not been shy about your opinion of me being g a 'r*t*red f*gg*t' but today u/Aldebaran333 and u/Supercharged2000 crossed a line. First there was  where super tried to stir up outrage about the military being given access to new technology to help keep our soldiers safe... And then alde in an attempt to 'win' an arguement lied about Tucker Carlson serving in the military.  Hopefully the mods will have a talk with the two of them about their atrocious behavior. I don't mind the insults thrown at me, or all of the hate spam... But not this.",a2x2bk,self.TheNewRight,,True
Democrats' Socialist Future Is Bleak! Defiance of US Sovereignty Will Be Their DOWNFALL!,TheNewRight,,a7uiso,youtu.be,,False
A 6-year-old boy in Texas will be forced to undergo chemical castration and gender reassignment if his mother gains custody. PLEASE sign this petition to protect this child! • r/JordanPeterson,TheNewRight,,a2j81e,reddit.com,,False
Italy walks out on UN migration meeting saying national borders are no business of the UN,TheNewRight,,a56qap,express.co.uk,,False
Kid Rock pays off Walmart Christmas layaways for 350 families: ‘Merry Christmas and God Bless You!’,TheNewRight,,a4kky4,bizpacreview.com,,False
"I still think we're winning. How about this for today... Trump came out swinging after looking like he was going to fold on the shutdown, why? A different take on what happened...",TheNewRight," It's been a busy day... 'Hey pence, what's on the callander for tomorrow?'",a85hoh,self.TheNewRight,,True
"France's Riots Aren't Just About Gas Taxes, But About The West's Decline",TheNewRight,,a4arx5,thefederalist.com,,False
"Men lie, women lie, numbers don't lie pt. 2",TheNewRight,,a2tp9e,businessinsider.com,,False
'Everything Is Fake': Ex-Reddit CEO Confirms Internet Traffic Metrics Are Bullshit,TheNewRight,,aaa56l,zerohedge.com,,False
Lots of people here need to be banned,TheNewRight,[deleted],a35kan,self.TheNewRight,,True
"Top Patreon creators, of the 'Intellectual Dark Web,' say they’re launching an alternate crowdfunding platform not 'susceptible to arbitrary censorship'",TheNewRight,,a77fb5,businessinsider.com.au,,False
And right here at the Mexico boarder....we’ll put a pretty little wall!,TheNewRight,,a6ev6x,i.redd.it,,False
Damn white people and their *shuffles cards * diversifying black spaces,TheNewRight,,a85ypz,i.redd.it,,False
"Defying pundits, 32% of Latinos vote Republican...",TheNewRight,,aa2ogh,apnews.com,,False
Parts of France have become 'unlivable' because of migrants,TheNewRight,,a838de,thelocal.fr,,False
"Angela Merkel: sovereign nation states must not listen to the will of their citizens when it comes to questions of immigration, borders, or even sovereignty.; “Nation states must today be prepared to give up their sovereignty”",TheNewRight,,aaf6c5,zerohedge.com,,False
"Whistleblowers testify Clinton Foundation operated as a ‘foreign agent,’ not a charitable organization",TheNewRight,,a64zb9,bizpacreview.com,,False
"92% of Republicans, 70% of all voters, think media intentionally reports fake news",TheNewRight,,a998y7,ac2news.com,,False
Game Over! Mueller Facing Possible Jail Term After Hannity Declared His Biggest Crime On Live TV!,TheNewRight,,a2nsyj,youtu.be,,False
Alexandria Ocasio-Cortez Threatens Don Jr. Over a Meme,TheNewRight,,a48d9l,youtu.be,,False
The left is cancer,TheNewRight,,a42qst,i.redd.it,,False
"In 'Progressive' Germany, you can now report reddit wrongthink directly to the German secret police.",TheNewRight,,a7blx7,i.redd.it,,False
What the Far Left Has Done To Sweden --- International security expert: 'Sweden is heading for civil war',TheNewRight,,aaccq5,voiceofeurope.com,,False
"Study: Physically weak men more likely to be Socialist, strong men more likely to be Capitalist. Brunel University academics studied 171 men aged 18 - 40, examining their overall physical strength, bicep circumference, weight, and height.",TheNewRight,,a32izq,archive.is,,False
Saturday Night Dead - I don't think SNL can sink lower than this.,TheNewRight,,a6zzwo,leftyliars.com,,False
"Yahoo, AOL, and Gmail are caught red-handed trying to influence the 2018 election. 'One Test, In Florida, 100% of Republican Rick Scott’s emails went to spam in Yahoo, while 100% of his Democratic opponent Bill Nelson’s emails went to our Yahoo inbox.'",TheNewRight,,aampn1,imge.com,,False
"Swedish TV Downplays Gruesome ISIS Beheadings, Threatens Prison For Sharing Video",TheNewRight,,aammyy,zerohedge.com,,False
metoo is trying to get rid baby it's cold outside let's make it the number one song this christmas,TheNewRight,,a2n2c3,youtu.be,,False
'Yellow vests' vow more insurrection in France despite government cave-in fuel,TheNewRight,,a47r49,youtu.be,,False
Damn white men and their *shuffles cards * Newtonian physics,TheNewRight,,a9np2d,i.redd.it,,False
Happening,TheNewRight,,a4usav,i.redd.it,,False
"The US paid for Israel to have a border wall, and it’s worked out great for them. So why can’t the US do the same for its own borders?",TheNewRight,,a8e8z6,magaimg.net,,False
"400 Former DOJ Officials Signed Letter Protesting AG Whitaker -- NONE Protested Deep State Spying, Criminal Attacks on President Trump",TheNewRight,,a6p9q4,thegatewaypundit.com,,False
Tell me the Jews dont own the United States,TheNewRight,[deleted],a37op1,youtu.be,,False
Rachel MadCow,TheNewRight,,a2mi6n,i.redd.it,,False
Leftist Cucks are DESTROYING science and using it as a tool to sling petty insults at the president. Another CNNPC exposed.,TheNewRight,[deleted],a8kp4h,leftyliars.com,,False
This week on science proves something we already know.,TheNewRight,,a3cbfd,scientificamerican.com,,False
The tragedy of cultural relativism,TheNewRight,,a97zl2,youtu.be,,False
"Elizabeth Warren aides get cold feet, urge her to apologize for ‘depressing’ DNA debacle. But it gets worse",TheNewRight,,a3zm2c,bizpacreview.com,,False
Damn white people and their *shuffles cards * reasoning,TheNewRight,,a9b4l0,i.redd.it,,False
"“If I set off on foot across this country with a 7-year-old child and dragged said child 2,500 miles, I would be charged with child abuse. Further, if the child died at the end of the journey, I would be charged with murder'",TheNewRight,,aavtm4,nypost.com,,False
"Why Major Countries Are Shunning The UN Compact On Migration: The U.N. is demanding migrants get the same rights as natives, immediately, including voting rights and welfare.",TheNewRight,,a3dtwh,dailycaller.com,,False
"Despite All The Negative Mueller News, Trump Leads Obama In Polls At Same Point In Presidency",TheNewRight,,a5jjvw,dailywire.com,,False
"About 50 percent of Americans do not pay income tax, and millions receive welfare checks, food stamps, and other forms of government assistance. The slogan of the Boston Tea Party, “No taxation without representation” is being replaced with “representation without taxation.”",TheNewRight,,a7mgy3,americanthinker.com,,False
It is known,TheNewRight,,a9hkwh,i.redd.it,,False
Macron’s Crisis in France Could Result in Nationalist Takeover of Europe!,TheNewRight,,a3n3h7,youtu.be,,False
TRUE COLORS: California Rep. Says He’d ‘Love to Regulate Speech’ but First Amendment ‘Prevents’ Him,TheNewRight,[deleted],a5oryu,hannity.com,,False
"Unbelievable, but true. Ohio radio station bans classic 74-yr-old Christmas song after #MeToo complaints",TheNewRight,,a23kal,bizpacreview.com,,False
End this criminal communist cabal perverting our system and our country,TheNewRight,,a2ne07,i.redd.it,,False
it’s coming! The REAL libertarians are Nationalists,TheNewRight,,a2sbx3,i.redd.it,,False
Judicial Watch Tom Fitton EXPOSES The Clinton Foundation at House Oversight Hearing,TheNewRight,,a5x6ct,youtu.be,,False
"There are 1,000 genders.",TheNewRight,,aba6p2,i.redd.it,,False
STUDY: 7 Of 10 Illegal Alien Households In California Are Collecting Welfare,TheNewRight,,a5353g,downtrend.com,,False
Not fake news (4real),TheNewRight,,a6t9fd,i.redd.it,,False
White privelege is real. If you're a white liberal,TheNewRight,,a8onny,i.redd.it,,False
"The left is REJECTED: Colorado radio listeners vote to keep 'Baby, It's Cold Outside' on air",TheNewRight,,a3dquw,theknow.denverpost.com,,False
Barack Obama surrendered his law license back in 2008 to escape charges of lying on his bar application. Michelle Obama voluntarily surrendered her law license in 1993 after a Federal Judge gave her a choice between surrendering her license or standing trial for insurance fraud.,TheNewRight,,a32asl,canadafreepress.com,,False
2.6 MILLION!!,TheNewRight,,a7x3cc,i.redd.it,,False
Damn white people and their *shuffles cards * Turkey,TheNewRight,,a8behi,i.redd.it,,False
